DateTime,"(mm) Actual ET (TerraClimate) at -98.7092E,29.7839N, 1958-01-01 to 2019-12-31","(mm) Grass Ref ET (TerraClimate) at -98.7092E,29.7839N, 1958-01-01 to 2019-12-31","(mm) Precipitation (TerraClimate) at -98.7092E,29.7839N, 1958-01-01 to 2019-12-31","(mm) Soil Moisture (TerraClimate) at -98.7092E,29.7839N, 1958-01-01 to 2019-12-31","(deg C) Max Temperature (TerraClimate) at -98.7092E,29.7839N, 1958-01-01 to 2019-12-31","(deg C) Min Temperature (TerraClimate) at -98.7092E,29.7839N, 1958-01-01 to 2019-12-31"
1958-01-01,73.2,73.2,105,183.9,14.7,1.2
1958-02-01,66.5,66.5,106,218.5,13.1,2.8
1958-03-01,77.5,92.3,58,196.2,17.4,5.2
1958-04-01,86.5,126.3,37,145.2,24.4,11.7
1958-05-01,143.3,155.7,140,134.9,28.5,15.8
1958-06-01,131.8,186.1,95,93.6,32.5,20.6
1958-07-01,94.6,207.6,68,63.2,33.8,21.2
1958-08-01,52.3,195.4,40,48.5,35.2,20.3
1958-09-01,128.8,128.8,239,146.4,30.2,19.4
1958-10-01,86.4,86.4,157,208.9,23.2,13.5
1958-11-01,53.5,75.1,24,178.6,21.0,7.9
1958-12-01,45.0,66.3,22,154.9,15.5,1.3
1959-01-01,39.6,65.6,17,131.1,13.8,0.9
1959-02-01,58.4,58.4,92,160.1,15.6,4.9
1959-03-01,63.9,123.5,7,102.9,21.5,5.6
1959-04-01,106.3,123.4,102,93.7,23.0,10.8
1959-05-01,91.5,155.9,64,63.2,28.9,17.5
1959-06-01,150.5,185.6,147,52.6,32.1,19.7
1959-07-01,59.0,185.2,51,42.2,32.8,19.6
1959-08-01,87.0,175.8,84,35.3,33.0,20.0
1959-09-01,56.1,156.8,54,30.5,31.9,19.0
1959-10-01,101.0,101.0,176,96.5,26.3,12.2
1959-11-01,57.8,69.0,55,90.9,18.0,2.8
1959-12-01,62.9,68.6,63,88.3,17.2,4.4
1960-01-01,41.4,60.6,34,79.6,14.3,2.7
1960-02-01,50.9,70.2,46,72.0,14.6,1.1
1960-03-01,65.0,98.1,56,60.3,17.6,5.2
1960-04-01,59.6,146.2,48,46.8,26.0,13.2
1960-05-01,37.1,164.9,30,38.5,27.7,15.3
1960-06-01,112.2,201.9,112,32.7,33.6,20.0
1960-07-01,84.8,191.7,85,28.5,33.0,20.9
1960-08-01,126.0,175.9,129,25.3,32.2,20.9
1960-09-01,23.7,153.4,22,22.8,31.9,16.4
1960-10-01,115.5,115.5,223,119.4,27.2,14.8
1960-11-01,54.6,80.5,40,102.6,20.9,9.2
1960-12-01,63.4,63.4,102,135.8,13.9,2.7
1961-01-01,41.4,63.8,25,118.5,13.3,0.0
1961-02-01,74.9,74.9,92,131.1,18.4,4.3
1961-03-01,55.9,122.1,8,82.5,23.2,9.2
1961-04-01,31.9,162.0,8,58.3,25.9,10.4
1961-05-01,20.9,188.3,9,45.7,30.4,16.7
1961-06-01,183.8,183.8,209,60.7,31.1,19.5
1961-07-01,150.6,185.8,148,50.5,31.4,20.1
1961-08-01,30.2,179.6,22,40.8,32.5,18.7
1961-09-01,78.4,155.9,76,34.4,30.9,18.0
1961-10-01,78.0,116.6,77,29.8,26.2,12.3
1961-11-01,63.1,63.1,83,45.1,18.6,6.3
1961-12-01,36.1,68.5,31,38.4,16.8,3.8
1962-01-01,24.4,62.0,20,32.7,13.5,-1.6
1962-02-01,28.6,88.5,26,28.5,22.9,7.5
1962-03-01,34.0,113.9,32,25.3,20.1,5.5
1962-04-01,105.8,146.6,109,22.7,25.1,12.4
1962-05-01,31.8,188.5,31,20.7,30.1,17.6
1962-06-01,79.4,181.2,82,18.9,31.6,19.8
1962-07-01,12.5,210.6,12,17.5,35.2,21.2
1962-08-01,46.5,214.9,48,16.3,36.6,21.2
1962-09-01,110.8,152.4,115,15.2,31.9,18.8
1962-10-01,77.8,131.3,81,14.2,28.8,15.7
1962-11-01,64.3,85.8,67,13.4,20.9,7.4
1962-12-01,51.4,68.6,53,12.7,16.0,3.5
1963-01-01,6.5,65.6,6,12.0,13.0,-1.7
1963-02-01,66.5,89.2,69,11.4,17.9,1.7
1963-03-01,5.6,133.5,5,10.9,24.0,9.2
1963-04-01,62.1,161.7,65,10.4,28.6,15.2
1963-05-01,47.8,175.5,50,10.0,30.2,17.6
1963-06-01,55.0,198.5,58,9.6,33.6,20.6
1963-07-01,13.5,217.2,14,9.2,35.1,21.5
1963-08-01,46.7,199.4,49,8.8,35.7,20.8
1963-09-01,37.2,155.6,39,8.5,32.8,18.2
1963-10-01,50.6,125.1,53,8.2,29.6,14.0
1963-11-01,75.4,88.1,79,7.9,21.4,8.8
1963-12-01,26.7,60.8,28,7.7,12.5,-0.5
1964-01-01,77.9,77.9,89,13.9,16.2,0.6
1964-02-01,53.5,68.9,55,13.1,14.4,1.7
1964-03-01,68.6,122.5,71,12.4,21.6,7.1
1964-04-01,38.7,139.7,40,11.8,26.2,13.5
1964-05-01,34.9,170.0,36,11.2,30.0,17.3
1964-06-01,75.8,193.4,79,10.7,32.3,19.6
1964-07-01,8.3,210.7,8,10.2,35.3,21.1
1964-08-01,83.1,206.6,87,9.8,35.0,21.6
1964-09-01,142.0,149.3,149,9.5,31.3,19.2
1964-10-01,47.5,115.6,50,9.1,25.8,10.2
1964-11-01,72.0,81.2,75,8.8,22.2,9.5
1964-12-01,28.1,65.4,29,8.5,17.0,3.3
1965-01-01,60.2,80.7,63,8.2,17.9,4.2
1965-02-01,60.9,60.9,173,111.5,14.4,2.7
1965-03-01,66.7,98.1,50,92.8,18.1,4.4
1965-04-01,104.1,141.0,91,75.2,26.9,15.0
1965-05-01,137.6,137.6,216,142.9,26.9,17.7
1965-06-01,120.4,187.7,69,87.6,31.4,20.4
1965-07-01,34.4,201.6,8,60.7,34.3,20.5
1965-08-01,48.5,192.8,37,47.0,33.9,19.9
1965-09-01,111.4,156.6,108,38.6,32.3,18.8
1965-10-01,100.5,102.0,105,38.3,25.0,11.4
1965-11-01,45.2,73.1,42,33.5,23.1,11.1
1965-12-01,73.5,73.5,132,85.5,17.5,6.1
1966-01-01,45.0,57.3,42,80.5,12.3,0.4
1966-02-01,63.7,64.9,67,80.0,15.1,2.0
1966-03-01,48.1,112.4,27,57.2,20.9,7.6
1966-04-01,100.2,143.0,93,45.6,26.0,13.1
1966-05-01,102.0,143.8,99,37.6,27.7,16.7
1966-06-01,45.5,182.0,42,32.1,31.2,19.1
1966-07-01,29.3,192.9,27,28.1,34.1,21.3
1966-08-01,140.6,174.8,145,25.0,32.5,20.1
1966-09-01,120.5,134.3,125,23.4,30.4,17.6
1966-10-01,22.0,111.7,21,21.2,26.6,10.8
1966-11-01,2.0,92.3,0,19.4,24.0,9.1
1966-12-01,16.2,67.7,15,17.9,17.4,1.3
1967-01-01,6.4,70.8,5,16.6,16.6,1.8
1967-02-01,24.1,77.3,24,15.5,17.1,2.3
1967-03-01,37.5,134.5,38,14.5,25.4,10.5
1967-04-01,34.9,158.4,36,13.7,29.3,17.2
1967-05-01,71.7,179.1,75,12.9,30.1,15.6
1967-06-01,1.2,202.1,1,12.2,33.6,20.5
1967-07-01,34.1,207.6,35,11.6,34.4,20.6
1967-08-01,76.5,181.0,80,11.1,33.3,19.0
1967-09-01,131.2,131.2,243,111.2,28.4,16.7
1967-10-01,88.9,117.4,76,94.2,25.7,11.0
1967-11-01,74.9,74.9,84,99.5,20.4,7.7
1967-12-01,41.9,53.0,38,93.7,15.1,2.7
1968-01-01,56.6,56.6,152,181.9,13.1,3.1
1968-02-01,58.6,67.8,51,171.3,13.8,1.8
1968-03-01,76.6,106.3,48,140.1,19.0,7.0
1968-04-01,103.0,121.5,93,125.2,24.4,13.1
1968-05-01,120.2,152.2,103,103.1,27.7,16.8
1968-06-01,114.2,164.2,92,76.0,30.3,19.8
1968-07-01,75.1,185.8,57,55.3,31.9,20.0
1968-08-01,27.2,197.4,17,43.8,34.1,19.9
1968-09-01,116.0,139.9,117,39.0,29.6,15.7
1968-10-01,32.5,117.2,28,33.1,27.6,13.5
1968-11-01,82.4,82.4,89,35.0,20.1,5.0
1968-12-01,51.3,72.5,50,31.7,17.0,1.9
1969-01-01,30.0,66.0,27,27.7,16.4,4.0
1969-02-01,67.8,67.8,91,46.0,16.4,4.5
1969-03-01,73.6,99.1,72,40.6,17.0,4.8
1969-04-01,104.0,134.6,103,34.9,25.6,12.6
1969-05-01,96.2,150.9,96,30.1,27.5,15.3
1969-06-01,72.6,186.5,73,26.6,31.8,19.7
1969-07-01,26.8,202.9,25,23.8,35.5,21.5
1969-08-01,105.0,188.1,108,21.5,34.8,20.8
1969-09-01,53.7,146.1,55,19.6,31.4,17.5
1969-10-01,100.5,100.5,157,68.8,25.4,13.0
1969-11-01,52.8,77.0,47,60.7,20.6,5.5
1969-12-01,69.4,73.8,72,59.4,18.5,4.2
1970-01-01,42.1,56.2,40,55.6,12.3,-0.2
1970-02-01,78.6,78.6,94,66.4,17.2,4.6
1970-03-01,67.7,94.2,62,57.9,18.8,5.6
1970-04-01,52.2,130.1,42,45.4,26.0,13.5
1970-05-01,141.9,141.9,194,87.5,26.9,14.3
1970-06-01,44.6,172.4,19,60.6,30.8,18.9
1970-07-01,34.9,191.1,22,47.0,33.1,20.3
1970-08-01,29.2,191.4,22,38.6,34.4,20.5
1970-09-01,140.6,140.6,153,43.3,31.0,18.8
1970-10-01,51.5,101.6,47,36.1,25.0,10.9
1970-11-01,5.3,93.7,0,31.0,21.5,3.8
1970-12-01,9.6,81.5,6,27.2,20.8,6.8
1971-01-01,4.1,82.5,1,24.3,19.6,3.2
1971-02-01,28.2,92.9,27,21.9,19.6,3.9
1971-03-01,4.6,151.7,3,20.0,24.5,6.4
1971-04-01,49.7,155.4,51,18.4,26.3,11.0
1971-05-01,47.4,181.1,48,17.0,29.9,16.4
1971-06-01,65.8,190.4,68,15.9,33.0,20.9
1971-07-01,15.2,200.6,15,14.8,34.4,20.9
1971-08-01,151.3,151.3,307,155.4,30.5,19.5
1971-09-01,133.0,133.0,155,169.4,30.0,18.7
1971-10-01,100.6,100.6,122,184.5,26.5,14.9
1971-11-01,73.4,87.6,60,167.9,21.9,8.2
1971-12-01,53.0,53.0,76,186.7,18.2,6.7
1972-01-01,46.0,60.8,30,169.0,16.9,2.3
1972-02-01,46.3,81.6,10,132.5,19.7,3.8
1972-03-01,72.1,140.0,23,82.0,25.1,10.4
1972-04-01,66.7,163.2,45,58.1,28.7,14.3
1972-05-01,153.8,153.8,236,129.0,27.5,15.6
1972-06-01,119.4,169.5,88,93.0,31.6,19.7
1972-07-01,95.5,189.3,69,62.9,32.4,20.4
1972-08-01,135.7,174.3,131,51.3,32.5,20.1
1972-09-01,76.2,144.1,70,41.3,32.7,19.8
1972-10-01,79.5,103.0,79,36.9,27.0,12.9
1972-11-01,58.6,58.6,77,51.8,17.1,4.1
1972-12-01,22.7,57.6,15,43.3,15.3,0.8
1973-01-01,55.8,56.4,85,68.4,12.6,0.1
1973-02-01,66.7,66.7,73,71.1,15.1,3.2
1973-03-01,69.8,117.7,56,54.4,23.8,9.1
1973-04-01,114.1,118.1,119,53.4,22.4,10.7
1973-05-01,41.0,162.3,32,42.7,28.5,14.7
1973-06-01,158.2,158.2,245,117.2,29.8,19.1
1973-07-01,179.9,184.6,186,114.2,32.3,20.8
1973-08-01,84.5,177.3,43,70.7,32.5,19.0
1973-09-01,132.6,132.6,223,150.4,30.5,18.6
1973-10-01,101.5,101.5,202,238.2,26.7,14.5
1973-11-01,58.0,83.8,14,193.8,24.0,10.6
1973-12-01,47.8,81.0,6,152.1,18.8,1.4
1974-01-01,41.0,41.0,59,167.4,14.9,1.9
1974-02-01,44.6,83.6,5,127.7,20.6,3.3
1974-03-01,70.6,130.6,29,85.1,25.0,11.9
1974-04-01,65.8,149.0,42,59.5,26.7,12.0
1974-05-01,143.0,166.9,143,52.7,29.9,18.0
1974-06-01,52.0,181.3,44,42.3,31.9,18.4
1974-07-01,33.3,200.8,28,35.4,34.2,20.1
1974-08-01,173.5,173.5,329,174.1,31.5,20.1
1974-09-01,103.3,118.3,92,157.9,26.6,15.3
1974-10-01,91.4,111.0,77,139.4,26.1,12.0
1974-11-01,67.1,67.1,131,196.4,19.1,6.7
1974-12-01,59.3,62.9,58,191.8,15.6,2.5
1975-01-01,48.5,66.4,28,169.8,17.8,3.6
1975-02-01,77.4,77.4,105,191.7,17.4,3.1
1975-03-01,77.5,119.9,27,139.4,22.3,7.2
1975-04-01,118.3,140.3,106,121.9,24.5,12.6
1975-05-01,144.1,144.1,190,158.4,27.4,16.5
1975-06-01,141.3,183.5,107,118.6,30.8,19.8
1975-07-01,95.7,191.4,52,72.1,31.9,19.9
1975-08-01,85.8,174.0,70,53.3,32.6,20.1
1975-09-01,58.7,146.2,51,42.6,29.7,15.6
1975-10-01,88.5,115.7,88,37.3,27.4,11.9
1975-11-01,12.7,89.0,8,31.9,22.8,6.5
1975-12-01,45.1,71.3,44,28.1,17.5,3.0
1976-01-01,14.2,76.6,12,25.0,16.6,-0.5
1976-02-01,10.4,94.5,8,22.5,22.3,6.9
1976-03-01,47.0,119.4,47,20.5,22.8,9.5
1976-04-01,140.0,140.0,219,88.6,24.7,13.0
1976-05-01,140.1,145.0,145,86.4,26.1,14.0
1976-06-01,75.6,191.6,52,60.1,31.1,18.9
1976-07-01,142.7,172.2,141,51.7,29.7,19.8
1976-08-01,58.8,197.7,51,41.6,33.4,19.4
1976-09-01,121.4,151.2,122,35.9,30.4,17.5
1976-10-01,102.8,102.8,214,136.9,21.9,8.5
1976-11-01,66.9,79.9,60,126.8,16.3,4.2
1976-12-01,64.5,73.8,61,120.3,15.2,1.4
1977-01-01,64.4,65.5,72,124.6,10.5,-1.0
1977-02-01,55.7,90.1,34,101.0,18.4,3.1
1977-03-01,62.0,116.3,35,72.3,22.3,7.7
1977-04-01,128.3,128.3,188,122.7,24.6,11.7
1977-05-01,87.2,153.9,45,77.8,27.2,18.1
1977-06-01,107.2,182.5,90,56.1,32.0,20.3
1977-07-01,16.7,189.8,5,44.3,34.1,21.5
1977-08-01,27.2,187.9,21,36.8,35.2,21.6
1977-09-01,55.4,144.8,53,31.5,33.9,20.2
1977-10-01,88.0,114.1,89,27.8,27.8,13.3
1977-11-01,72.5,72.5,119,68.8,22.2,8.0
1977-12-01,24.7,70.5,10,53.5,18.3,2.8
1978-01-01,28.1,50.2,24,48.1,10.2,-1.1
1978-02-01,56.6,60.9,59,47.3,11.6,0.3
1978-03-01,40.8,118.6,34,38.8,21.4,5.6
1978-04-01,54.9,144.6,52,33.0,26.1,13.1
1978-05-01,52.0,165.1,50,28.7,30.1,17.6
1978-06-01,84.3,185.3,85,25.5,32.8,20.4
1978-07-01,27.1,212.9,26,22.9,35.8,21.6
1978-08-01,138.0,181.3,143,20.8,33.1,20.6
1978-09-01,133.2,133.2,212,89.4,29.3,19.1
1978-10-01,38.2,110.6,11,61.4,26.6,11.9
1978-11-01,71.2,71.2,141,124.4,20.7,9.6
1978-12-01,63.5,65.6,65,123.0,15.8,2.5
1979-01-01,48.2,49.4,98,167.7,9.2,-0.9
1979-02-01,62.5,62.5,68,169.4,14.6,2.9
1979-03-01,109.7,109.7,127,180.6,21.6,9.0
1979-04-01,116.8,116.8,125,182.3,24.7,13.0
1979-05-01,102.6,146.8,55,131.5,26.8,14.7
1979-06-01,131.2,172.7,106,100.9,30.5,19.5
1979-07-01,175.8,175.8,193,108.2,32.6,21.3
1979-08-01,86.2,167.5,49,68.7,32.1,20.0
1979-09-01,47.3,139.5,32,51.5,30.8,15.9
1979-10-01,22.3,142.0,13,41.5,30.0,13.4
1979-11-01,43.1,79.9,38,34.9,19.9,4.7
1979-12-01,64.2,73.8,66,33.3,17.5,3.2
1980-01-01,32.9,56.9,31,29.7,16.0,3.3
1980-02-01,27.1,78.9,25,26.2,17.5,2.5
1980-03-01,53.5,117.3,53,23.5,21.9,6.4
1980-04-01,53.5,144.8,54,21.3,25.7,9.2
1980-05-01,133.5,148.8,139,19.9,28.4,16.8
1980-06-01,21.3,210.6,21,18.3,34.1,21.2
1980-07-01,9.2,224.7,8,16.9,36.8,21.2
1980-08-01,66.1,199.8,68,15.8,34.4,21.1
1980-09-01,142.7,142.7,191,54.5,32.0,20.2
1980-10-01,61.6,117.7,53,43.3,26.2,11.1
1980-11-01,73.0,73.0,90,55.6,20.0,5.3
1980-12-01,26.7,76.1,16,44.1,17.4,5.1
1981-01-01,43.8,67.9,41,39.2,15.7,2.3
1981-02-01,37.9,71.1,34,33.2,17.0,4.2
1981-03-01,81.7,107.5,82,29.4,20.5,7.6
1981-04-01,56.4,124.6,56,26.0,26.6,15.1
1981-05-01,127.7,154.0,132,23.3,28.3,15.8
1981-06-01,150.5,150.5,258,117.8,30.5,20.6
1981-07-01,88.5,182.5,45,71.9,33.0,21.2
1981-08-01,101.6,175.5,87,53.1,33.9,19.9
1981-09-01,66.8,141.2,59,42.5,31.1,16.6
1981-10-01,112.8,112.8,184,104.8,26.8,14.4
1981-11-01,53.1,84.2,38,87.6,23.2,7.7
1981-12-01,31.9,71.3,15,70.1,17.5,2.8
1982-01-01,35.7,77.5,23,55.8,16.7,1.7
1982-02-01,41.4,63.6,37,49.9,15.2,2.3
1982-03-01,28.8,106.1,20,40.5,22.0,11.0
1982-04-01,57.3,128.4,54,34.2,24.7,12.5
1982-05-01,137.9,138.4,145,34.1,27.6,17.1
1982-06-01,57.8,188.1,56,29.5,32.3,19.8
1982-07-01,18.4,216.3,16,26.1,35.1,21.3
1982-08-01,23.4,200.7,22,23.4,35.9,21.1
1982-09-01,42.8,164.5,43,21.2,33.1,17.3
1982-10-01,65.6,108.0,67,19.4,25.9,12.8
1982-11-01,70.3,70.3,99,43.0,19.7,8.9
1982-12-01,46.6,55.3,47,41.3,16.4,4.0
1983-01-01,43.4,60.4,42,38.1,14.1,1.4
1983-02-01,54.2,68.2,54,35.6,16.3,3.6
1983-03-01,105.8,111.7,110,34.7,19.8,6.8
1983-04-01,6.8,147.6,2,30.0,24.6,9.3
1983-05-01,122.8,151.0,126,26.4,28.0,15.3
1983-06-01,95.2,168.6,97,23.7,30.1,18.4
1983-07-01,78.8,179.4,81,21.4,32.3,20.7
1983-08-01,85.2,170.1,88,19.6,34.2,20.6
1983-09-01,82.2,151.7,85,18.0,31.6,17.3
1983-10-01,85.2,116.1,88,16.7,27.4,13.3
1983-11-01,65.3,89.8,68,15.6,23.4,8.2
1983-12-01,13.6,52.9,13,14.6,11.7,-1.9
1984-01-01,41.7,60.3,43,13.7,12.9,0.5
1984-02-01,18.8,88.1,19,13.0,19.3,3.0
1984-03-01,29.1,133.1,30,12.3,23.5,8.6
1984-04-01,6.7,165.2,6,11.7,28.6,10.4
1984-05-01,64.5,184.4,67,11.1,31.1,16.0
1984-06-01,62.6,194.9,65,10.6,33.2,19.8
1984-07-01,30.9,202.5,32,10.1,35.0,20.1
1984-08-01,33.3,197.8,35,9.7,35.3,20.0
1984-09-01,30.3,147.9,32,9.3,30.8,16.5
1984-10-01,80.1,80.1,188,107.6,25.3,15.1
1984-11-01,63.6,78.1,58,99.4,20.3,7.1
1984-12-01,64.2,64.2,104,133.7,19.7,8.5
1985-01-01,53.9,59.1,53,130.3,11.9,-1.2
1985-02-01,62.1,62.7,65,129.9,14.2,3.0
1985-03-01,92.2,105.0,87,120.6,22.0,11.0
1985-04-01,95.1,130.7,76,97.2,26.0,13.4
1985-05-01,93.9,163.3,65,64.6,29.6,16.8
1985-06-01,173.2,173.2,197,78.2,31.4,19.9
1985-07-01,120.6,187.4,104,56.3,33.0,19.9
1985-08-01,17.0,198.2,5,44.5,36.0,20.6
1985-09-01,136.5,152.6,140,41.1,31.7,17.8
1985-10-01,98.8,98.8,106,43.2,25.9,15.1
1985-11-01,63.4,63.4,125,99.0,21.5,11.1
1985-12-01,36.8,68.4,22,82.7,15.6,0.9
1986-01-01,38.9,77.6,24,66.7,17.8,2.9
1986-02-01,57.1,81.8,52,58.7,20.2,5.7
1986-03-01,28.8,133.0,17,45.9,24.0,7.2
1986-04-01,35.2,144.4,29,37.8,26.9,14.8
1986-05-01,133.3,133.3,168,63.8,27.4,16.3
1986-06-01,152.0,152.0,163,66.9,31.0,20.1
1986-07-01,18.5,214.6,2,50.5,34.8,20.4
1986-08-01,44.7,181.1,37,40.9,34.2,20.2
1986-09-01,140.3,140.3,195,86.1,31.5,21.1
1986-10-01,90.2,90.2,182,169.1,24.8,12.9
1986-11-01,51.2,54.0,51,166.2,19.4,7.8
1986-12-01,51.8,51.8,174,238.2,14.0,4.2
1987-01-01,52.6,69.1,26,209.9,15.5,1.5
1987-02-01,69.7,69.7,116,238.2,17.0,5.9
1987-03-01,76.1,105.4,27,187.9,19.7,5.1
1987-04-01,85.7,141.7,19,120.7,25.8,8.6
1987-05-01,134.2,134.2,224,199.2,28.5,17.2
1987-06-01,146.2,146.2,277,238.2,30.0,19.4
1987-07-01,137.4,185.8,57,155.1,32.1,20.7
1987-08-01,100.3,190.2,27,80.9,34.4,21.1
1987-09-01,92.1,140.7,76,61.2,31.0,16.7
1987-10-01,23.3,124.7,10,47.3,27.0,11.3
1987-11-01,78.1,78.1,86,50.6,21.2,6.8
1987-12-01,62.4,62.4,69,53.5,17.2,3.9
1988-01-01,21.5,63.3,12,43.0,13.4,-0.2
1988-02-01,38.0,70.8,33,36.5,16.6,3.3
1988-03-01,51.5,122.0,49,31.3,22.1,7.2
1988-04-01,35.5,145.7,33,27.5,26.7,9.9
1988-05-01,53.5,166.0,53,24.5,28.8,15.1
1988-06-01,99.0,177.2,102,22.1,32.1,18.1
1988-07-01,84.3,184.4,87,20.1,33.3,20.7
1988-08-01,45.8,190.7,46,18.5,35.4,20.9
1988-09-01,55.7,152.7,57,17.1,32.6,17.6
1988-10-01,35.6,116.0,36,15.9,28.0,13.1
1988-11-01,6.3,92.8,6,14.9,24.3,8.4
1988-12-01,17.7,72.7,18,14.0,17.9,4.3
1989-01-01,63.4,63.4,102,47.1,17.8,5.2
1989-02-01,25.6,58.1,19,40.0,14.2,3.4
1989-03-01,54.7,118.6,51,33.8,22.1,7.2
1989-04-01,63.4,146.7,62,29.3,25.9,12.2
1989-05-01,54.5,187.2,54,25.9,30.8,18.0
1989-06-01,84.4,185.7,86,23.3,32.0,19.3
1989-07-01,22.8,202.8,22,21.1,34.9,20.1
1989-08-01,25.9,198.4,25,19.3,34.4,20.1
1989-09-01,30.5,157.0,30,17.8,32.1,15.4
1989-10-01,107.9,121.9,112,16.7,27.9,11.9
1989-11-01,41.2,78.6,42,15.6,21.6,8.6
1989-12-01,9.4,58.2,9,14.6,11.9,-2.3
1990-01-01,28.5,74.7,29,13.7,18.8,5.4
1990-02-01,70.5,78.2,74,13.3,20.2,6.4
1990-03-01,96.4,96.4,121,31.8,20.3,9.7
1990-04-01,103.8,137.6,105,27.8,24.8,12.9
1990-05-01,74.6,168.4,75,24.7,29.7,17.6
1990-06-01,23.9,221.0,23,22.3,35.3,21.7
1990-07-01,181.7,181.7,201,31.7,32.4,20.0
1990-08-01,33.9,194.0,32,27.7,34.0,20.2
1990-09-01,113.6,130.2,117,25.7,31.3,18.2
1990-10-01,91.1,115.9,93,23.1,26.6,10.6
1990-11-01,73.9,86.6,76,21.8,22.6,9.1
1990-12-01,9.4,62.1,8,19.9,16.7,2.0
1991-01-01,49.6,49.6,124,88.1,13.0,1.7
1991-02-01,60.6,73.1,58,82.4,18.5,5.6
1991-03-01,53.2,123.7,31,58.3,23.6,8.5
1991-04-01,115.9,132.3,117,53.8,26.8,14.1
1991-05-01,117.1,143.8,116,47.0,28.8,17.5
1991-06-01,116.1,172.9,113,38.6,32.1,19.6
1991-07-01,54.5,189.0,51,32.8,33.1,20.3
1991-08-01,77.1,179.6,77,28.6,34.6,20.1
1991-09-01,96.1,119.9,98,25.6,29.2,16.8
1991-10-01,44.7,120.1,44,23.0,28.4,12.9
1991-11-01,34.9,77.2,35,20.8,19.0,5.3
1991-12-01,55.2,55.2,177,134.0,16.2,6.0
1992-01-01,55.5,55.5,123,195.3,13.8,3.5
1992-02-01,74.8,74.8,179,238.2,19.5,6.6
1992-03-01,115.0,115.0,138,238.2,22.4,9.1
1992-04-01,103.2,129.9,60,192.3,24.8,12.4
1992-05-01,133.7,133.7,209,238.2,26.9,15.4
1992-06-01,166.5,179.9,151,215.1,31.8,19.5
1992-07-01,145.7,204.3,63,129.2,32.8,20.9
1992-08-01,106.4,177.0,58,78.3,32.4,18.4
1992-09-01,62.5,158.9,43,56.4,32.3,18.2
1992-10-01,36.7,122.0,26,44.5,28.7,12.3
1992-11-01,73.8,73.8,128,92.3,19.1,5.6
1992-12-01,60.2,61.0,63,91.9,17.0,5.8
1993-01-01,51.0,52.0,53,91.4,14.8,2.8
1993-02-01,74.1,74.1,81,94.6,17.2,4.6
1993-03-01,76.4,110.4,63,78.0,20.9,7.5
1993-04-01,86.5,142.0,68,56.5,24.4,10.3
1993-05-01,154.1,154.1,166,60.2,27.6,14.3
1993-06-01,142.2,161.8,144,54.5,30.5,20.4
1993-07-01,12.4,218.5,1,43.4,33.5,21.5
1993-08-01,9.3,204.1,2,36.2,35.4,21.0
1993-09-01,50.9,154.4,48,31.1,32.7,16.9
1993-10-01,95.2,109.2,98,29.1,26.3,11.8
1993-11-01,30.0,67.8,28,25.8,18.2,4.3
1993-12-01,24.8,71.7,23,23.1,17.2,5.0
1994-01-01,41.5,69.0,41,21.0,15.6,2.7
1994-02-01,43.5,70.5,44,19.2,17.3,3.3
1994-03-01,93.0,115.3,96,17.7,22.2,8.2
1994-04-01,56.8,134.2,58,16.5,25.7,11.3
1994-05-01,132.9,132.9,157,33.0,27.2,16.1
1994-06-01,43.7,178.2,42,28.8,33.1,20.7
1994-07-01,17.0,222.0,14,25.5,35.2,21.1
1994-08-01,71.2,177.6,72,22.9,33.7,20.3
1994-09-01,106.6,134.8,110,20.8,30.7,16.1
1994-10-01,96.7,96.7,219,131.9,26.3,13.8
1994-11-01,54.1,72.9,42,117.9,21.9,9.9
1994-12-01,58.3,58.3,102,156.9,17.3,5.1
1995-01-01,38.6,66.0,14,131.3,16.7,2.5
1995-02-01,51.1,76.3,34,112.8,18.8,4.5
1995-03-01,68.9,88.4,60,101.0,20.2,7.9
1995-04-01,86.2,135.7,63,74.8,25.6,10.7
1995-05-01,151.4,152.7,159,74.3,28.9,17.0
1995-06-01,113.2,172.7,98,54.4,30.4,18.1
1995-07-01,35.9,192.3,26,43.3,33.8,20.4
1995-08-01,54.9,158.8,50,36.1,34.0,20.6
1995-09-01,100.8,131.6,101,31.1,31.3,17.8
1995-10-01,21.1,115.4,18,27.3,27.3,11.1
1995-11-01,46.3,77.9,46,24.3,20.4,6.5
1995-12-01,25.6,65.4,24,22.0,17.1,4.5
1996-01-01,3.0,76.8,1,20.0,17.0,0.1
1996-02-01,10.0,88.2,9,18.4,19.9,4.6
1996-03-01,28.5,111.4,29,17.0,19.6,4.5
1996-04-01,40.6,161.4,41,15.9,27.3,9.9
1996-05-01,46.5,196.4,48,14.8,31.9,19.1
1996-06-01,66.2,187.1,69,13.9,33.2,20.1
1996-07-01,30.6,211.9,31,13.2,35.5,21.5
1996-08-01,132.3,170.0,139,12.4,33.3,20.6
1996-09-01,99.8,126.3,104,11.8,30.3,17.7
1996-10-01,29.6,102.7,31,11.2,25.9,12.6
1996-11-01,76.6,76.6,88,18.7,20.8,8.1
1996-12-01,53.3,67.7,55,17.5,18.1,4.1
1997-01-01,31.3,58.6,32,16.3,13.9,1.8
1997-02-01,65.3,65.3,101,47.2,15.4,5.0
1997-03-01,68.9,105.9,64,39.1,22.2,9.7
1997-04-01,117.9,117.9,160,73.0,22.2,9.8
1997-05-01,115.9,135.7,115,65.9,26.9,15.5
1997-06-01,158.6,158.6,205,102.2,30.1,19.1
1997-07-01,48.9,198.5,14,66.6,33.6,20.9
1997-08-01,48.5,187.8,34,50.3,34.0,20.5
1997-09-01,49.1,149.1,42,40.7,33.1,18.8
1997-10-01,104.5,104.5,118,48.4,25.9,13.2
1997-11-01,59.7,68.4,61,46.5,18.5,6.3
1997-12-01,66.0,66.0,95,71.0,15.6,1.7
1998-01-01,53.4,63.8,52,67.4,18.1,5.1
1998-02-01,73.8,73.8,130,116.8,17.8,5.1
1998-03-01,100.9,112.5,98,109.4,20.4,7.4
1998-04-01,52.7,151.6,13,69.1,25.9,10.5
1998-05-01,29.7,191.2,13,51.7,32.4,18.2
1998-06-01,49.0,213.1,41,41.6,34.9,21.8
1998-07-01,43.1,217.4,38,34.9,36.3,22.4
1998-08-01,160.5,160.5,180,45.2,33.5,20.7
1998-09-01,86.3,129.5,83,37.4,32.1,20.1
1998-10-01,100.9,100.9,232,157.0,26.3,14.9
1998-11-01,65.0,65.0,97,184.3,20.8,10.2
1998-12-01,47.8,59.7,36,170.5,16.0,4.0
1999-01-01,41.8,76.9,5,133.8,18.7,3.6
1999-02-01,37.7,86.5,1,97.0,22.0,7.7
1999-03-01,90.8,105.0,88,89.8,21.6,9.1
1999-04-01,55.5,140.9,29,61.6,26.8,13.9
1999-05-01,93.4,154.8,84,47.6,29.2,17.0
1999-06-01,111.8,168.9,109,39.0,30.9,20.8
1999-07-01,67.1,182.3,64,33.1,33.1,21.0
1999-08-01,26.7,191.1,24,28.8,35.3,20.8
1999-09-01,6.9,150.8,4,25.5,32.5,17.4
1999-10-01,45.3,116.4,45,22.9,27.1,11.1
1999-11-01,6.5,86.2,5,20.8,23.5,7.6
1999-12-01,20.9,76.2,20,19.1,18.4,3.2
2000-01-01,42.9,71.6,44,17.6,18.3,4.6
2000-02-01,55.2,86.8,57,16.4,22.3,8.0
2000-03-01,38.7,122.8,40,15.3,24.5,10.6
2000-04-01,42.5,151.4,44,14.3,26.8,13.0
2000-05-01,108.4,178.6,113,13.5,31.1,19.0
2000-06-01,153.0,173.3,160,12.7,31.1,20.3
2000-07-01,9.6,214.4,9,12.1,35.4,21.2
2000-08-01,19.1,201.6,19,11.5,35.7,20.9
2000-09-01,60.4,156.7,63,10.9,33.5,17.4
2000-10-01,101.5,101.5,145,47.3,25.3,14.7
2000-11-01,65.3,65.3,192,164.2,17.3,6.2
2000-12-01,55.0,59.4,53,159.9,12.4,0.7
2001-01-01,58.4,58.4,96,192.9,13.4,1.4
2001-02-01,53.0,70.5,33,171.0,17.9,5.8
2001-03-01,84.4,91.7,81,163.3,17.7,5.9
2001-04-01,87.3,135.1,42,116.2,25.9,13.8
2001-05-01,106.9,162.9,75,81.0,29.3,16.9
2001-06-01,69.2,183.2,48,57.6,32.5,19.9
2001-07-01,24.1,203.6,12,45.3,34.8,21.3
2001-08-01,176.4,176.4,246,102.6,33.7,20.7
2001-09-01,122.9,132.2,124,97.6,29.5,16.8
2001-10-01,87.1,112.4,78,84.8,25.6,11.2
2001-11-01,74.1,74.1,112,116.8,21.7,9.7
2001-12-01,63.8,63.8,95,143.7,16.8,4.4
2002-01-01,44.2,70.4,24,122.0,17.3,3.2
2002-02-01,42.8,74.6,23,100.7,16.0,1.5
2002-03-01,65.9,114.6,42,75.1,21.1,6.8
2002-04-01,79.8,139.2,63,54.8,27.3,15.2
2002-05-01,64.8,175.7,56,43.5,29.8,16.5
2002-06-01,75.4,169.8,72,36.3,32.2,20.0
2002-07-01,166.1,166.1,176,37.3,31.5,20.4
2002-08-01,46.7,185.1,43,31.9,34.2,20.6
2002-09-01,137.7,137.7,150,37.1,31.2,17.7
2002-10-01,81.4,81.4,210,155.3,24.0,13.7
2002-11-01,65.3,74.7,60,146.6,19.6,5.4
2002-12-01,66.4,66.4,106,180.7,16.8,3.3
2003-01-01,46.1,62.5,29,162.1,14.9,1.6
2003-02-01,62.8,62.8,84,178.9,15.4,3.7
2003-03-01,67.7,105.1,27,137.0,21.2,7.3
2003-04-01,65.5,149.4,6,77.1,27.0,12.6
2003-05-01,35.1,167.7,15,55.8,31.2,18.0
2003-06-01,139.1,169.9,138,47.6,31.7,18.8
2003-07-01,133.7,174.9,132,39.0,32.4,20.3
2003-08-01,60.1,177.4,57,33.1,34.1,20.1
2003-09-01,123.0,123.0,176,77.3,29.5,16.8
2003-10-01,76.9,106.8,69,65.8,26.8,12.8
2003-11-01,33.8,76.3,21,52.3,22.0,9.5
2003-12-01,18.0,77.4,8,42.0,18.4,2.8
2004-01-01,63.1,63.1,76,51.6,16.4,4.7
2004-02-01,66.4,66.4,71,52.9,15.4,3.2
2004-03-01,67.3,106.1,61,43.3,23.3,11.2
2004-04-01,127.4,127.4,161,69.0,24.4,12.3
2004-05-01,62.4,159.4,47,51.7,28.6,17.1
2004-06-01,160.6,160.6,280,157.0,30.7,19.7
2004-07-01,110.6,186.8,42,85.9,32.4,19.9
2004-08-01,117.1,173.3,98,61.5,32.6,19.0
2004-09-01,62.9,135.3,51,47.5,31.5,17.5
2004-10-01,102.7,102.7,209,143.2,28.3,16.2
2004-11-01,68.4,68.4,218,238.2,20.5,8.2
2004-12-01,45.9,67.9,9,200.5,17.0,2.8
2005-01-01,61.5,62.2,64,199.6,17.3,5.4
2005-02-01,58.7,58.7,73,210.4,16.9,7.0
2005-03-01,92.4,113.2,66,180.7,21.7,7.2
2005-04-01,87.8,150.5,17,109.6,26.1,11.0
2005-05-01,110.0,154.9,88,83.3,28.4,16.0
2005-06-01,53.1,190.4,30,58.7,32.7,20.1
2005-07-01,75.3,183.6,66,45.9,34.1,20.4
2005-08-01,63.8,179.4,59,37.9,34.1,20.2
2005-09-01,35.6,157.4,32,32.3,34.5,19.5
2005-10-01,53.4,109.2,52,28.2,27.1,12.2
2005-11-01,14.8,87.8,12,25.1,24.2,8.1
2005-12-01,9.9,69.6,8,22.6,17.4,1.9
2006-01-01,22.7,84.9,22,20.5,21.1,4.4
2006-02-01,22.5,83.1,22,18.8,18.9,3.2
2006-03-01,50.6,122.8,52,17.4,24.4,10.3
2006-04-01,53.2,160.3,55,16.2,29.7,15.0
2006-05-01,84.8,187.5,88,15.1,31.3,16.7
2006-06-01,49.2,194.4,51,14.2,33.3,19.4
2006-07-01,57.0,191.8,59,13.4,34.2,21.0
2006-08-01,10.5,203.8,10,12.6,36.0,21.4
2006-09-01,87.6,137.7,92,12.0,31.4,17.1
2006-10-01,82.1,109.8,86,11.4,27.3,13.2
2006-11-01,21.6,86.8,22,10.9,23.0,7.8
2006-12-01,60.2,68.1,63,10.5,17.4,3.8
2007-01-01,50.8,50.8,132,85.0,12.4,1.5
2007-02-01,26.3,75.7,5,63.8,17.6,3.6
2007-03-01,110.1,110.1,144,90.9,23.2,10.8
2007-04-01,75.8,124.8,56,68.1,23.3,10.5
2007-05-01,138.0,138.0,172,93.1,27.5,16.7
2007-06-01,148.3,153.6,153,90.6,30.3,19.9
2007-07-01,138.6,138.6,196,138.6,30.1,19.9
2007-08-01,140.0,166.8,125,117.5,32.9,20.9
2007-09-01,86.7,133.0,60,88.0,31.5,18.9
2007-10-01,49.1,119.9,23,60.8,28.6,13.0
2007-11-01,40.9,78.5,32,49.9,22.3,8.8
2007-12-01,22.0,73.8,13,40.5,18.9,3.2
2008-01-01,22.1,67.0,17,34.1,15.8,1.6
2008-02-01,13.5,91.3,9,29.6,21.6,5.2
2008-03-01,50.3,129.0,49,26.1,23.2,8.1
2008-04-01,36.5,151.8,36,23.4,26.8,11.6
2008-05-01,41.5,177.3,41,21.2,30.9,17.4
2008-06-01,11.8,214.9,11,19.4,34.8,21.4
2008-07-01,57.9,201.5,59,17.9,34.1,20.2
2008-08-01,135.4,164.1,141,16.6,33.4,20.3
2008-09-01,8.5,140.7,8,15.5,31.2,16.5
2008-10-01,32.6,116.8,33,14.5,27.4,11.4
2008-11-01,9.4,82.4,9,13.6,22.8,7.3
2008-12-01,9.6,76.4,9,12.9,18.2,2.9
2009-01-01,13.0,76.1,13,12.2,18.6,1.7
2009-02-01,12.2,96.4,12,11.6,22.4,6.5
2009-03-01,66.1,128.6,69,11.0,23.8,8.9
2009-04-01,103.2,148.7,108,10.5,26.5,11.5
2009-05-01,45.9,168.0,48,10.1,30.3,17.0
2009-06-01,19.5,204.9,20,9.7,34.7,21.0
2009-07-01,30.4,209.2,32,9.3,35.8,21.6
2009-08-01,32.6,206.1,34,8.9,36.0,20.9
2009-09-01,122.8,122.8,175,52.7,30.1,17.7
2009-10-01,97.6,97.6,216,160.4,25.1,12.6
2009-11-01,79.1,79.1,84,160.9,22.4,7.8
2009-12-01,52.3,53.1,54,160.2,13.5,1.9
2010-01-01,61.8,61.8,104,197.5,14.5,1.7
2010-02-01,62.6,62.6,92,221.9,13.4,2.1
2010-03-01,97.5,121.9,63,184.3,21.3,6.2
2010-04-01,95.8,132.0,56,142.0,25.1,12.6
2010-05-01,123.5,164.0,95,109.0,29.8,17.2
2010-06-01,119.0,182.6,86,72.1,33.0,21.5
2010-07-01,112.8,167.7,99,53.3,32.3,21.5
2010-08-01,18.4,199.7,8,42.6,36.3,22.1
2010-09-01,129.4,129.4,233,134.6,31.9,19.2
2010-10-01,55.4,123.9,3,82.5,28.5,11.9
2010-11-01,45.1,91.9,27,63.1,22.9,7.7
2010-12-01,35.4,73.6,25,51.6,18.6,3.3
2011-01-01,57.6,60.4,60,50.9,15.6,1.6
2011-02-01,21.4,86.0,12,41.1,18.8,3.7
2011-03-01,16.6,132.5,11,34.6,25.3,10.5
2011-04-01,13.3,181.3,9,29.9,30.7,14.9
2011-05-01,20.4,183.7,18,26.4,31.3,17.1
2011-06-01,41.8,218.9,41,23.6,35.3,21.1
2011-07-01,22.3,220.1,21,21.4,36.8,22.6
2011-08-01,17.4,218.4,16,19.5,37.9,22.8
2011-09-01,70.4,165.2,73,18.0,34.8,18.0
2011-10-01,104.0,121.7,108,16.7,27.9,12.5
2011-11-01,46.3,86.4,48,15.6,22.7,8.0
2011-12-01,56.4,56.4,97,51.3,15.5,4.2
2012-01-01,71.2,71.2,114,88.4,19.0,4.0
2012-02-01,65.0,65.0,142,158.8,18.1,6.9
2012-03-01,105.1,114.3,101,150.0,24.2,11.5
2012-04-01,79.4,158.3,11,80.7,29.1,14.8
2012-05-01,169.6,169.6,207,107.8,30.3,17.9
2012-06-01,52.6,200.9,14,68.6,34.6,21.1
2012-07-01,102.4,195.7,90,51.4,34.4,21.3
2012-08-01,65.0,203.0,58,41.4,36.1,21.4
2012-09-01,149.0,149.0,200,82.7,32.2,18.1
2012-10-01,69.9,109.0,56,66.5,26.6,13.2
2012-11-01,22.6,86.2,7,50.3,24.0,9.4
2012-12-01,19.3,73.1,10,40.7,19.8,5.1
2013-01-01,65.6,65.6,79,50.3,17.0,3.8
2013-02-01,16.1,83.8,7,40.7,20.3,5.7
2013-03-01,28.4,132.9,23,34.3,23.8,7.6
2013-04-01,65.7,147.5,64,29.7,25.7,11.3
2013-05-01,172.3,172.3,244,88.8,29.6,16.3
2013-06-01,88.1,189.6,64,61.2,33.6,20.9
2013-07-01,46.4,194.4,34,47.3,34.1,20.8
2013-08-01,38.0,196.6,31,38.8,36.0,21.2
2013-09-01,112.3,140.7,113,33.8,33.1,19.4
2013-10-01,88.5,105.3,90,31.2,27.0,13.7
2013-11-01,50.5,67.9,51,28.8,19.2,7.0
2013-12-01,29.3,59.4,27,25.5,15.4,2.1
2014-01-01,7.6,76.2,5,22.9,16.7,0.5
2014-02-01,18.3,74.0,17,20.8,18.1,4.0
2014-03-01,33.7,115.8,34,19.1,21.4,6.6
2014-04-01,17.7,151.1,17,17.6,27.0,12.7
2014-05-01,107.9,169.9,112,16.3,29.8,15.7
2014-06-01,121.3,177.1,127,15.3,31.9,20.9
2014-07-01,74.1,197.2,77,14.3,33.8,20.7
2014-08-01,11.9,201.6,12,13.5,35.6,21.1
2014-09-01,55.1,133.0,57,12.7,31.7,19.2
2014-10-01,43.6,118.2,45,12.1,29.2,14.9
2014-11-01,73.7,73.7,181,110.4,18.9,6.0
2014-12-01,42.2,56.4,36,102.0,17.0,6.9
2015-01-01,58.7,58.7,95,133.3,14.1,1.7
2015-02-01,42.3,69.6,23,112.9,15.9,3.5
2015-03-01,94.2,94.2,105,118.8,20.6,8.5
2015-04-01,122.0,122.0,175,162.8,26.0,14.5
2015-05-01,128.7,128.7,217,238.2,27.8,17.4
2015-06-01,154.3,160.2,152,228.0,31.1,20.2
2015-07-01,137.8,209.1,25,113.7,34.2,21.6
2015-08-01,54.5,200.0,12,70.5,35.9,21.3
2015-09-01,86.4,151.1,72,52.5,33.9,19.6
2015-10-01,116.1,116.1,225,149.9,29.2,14.7
2015-11-01,66.6,66.6,79,158.0,21.1,9.5
2015-12-01,55.7,69.3,45,145.2,19.7,5.1
2016-01-01,44.1,65.3,28,127.4,15.5,2.2
2016-02-01,71.2,93.1,59,111.9,20.2,6.7
2016-03-01,85.7,117.5,70,92.9,23.8,10.0
2016-04-01,89.7,129.5,75,73.9,26.3,12.6
2016-05-01,142.5,142.5,158,82.0,28.5,16.3
2016-06-01,115.2,178.5,96,58.1,32.4,20.4
2016-07-01,46.4,222.2,36,45.5,35.5,22.5
2016-08-01,159.6,167.0,166,44.0,34.1,20.4
2016-09-01,104.5,138.2,103,37.1,32.5,19.0
2016-10-01,15.6,113.5,11,31.8,28.6,14.8
2016-11-01,66.8,75.9,69,30.5,24.2,10.8
2016-12-01,62.2,62.2,84,48.2,17.9,4.6
2017-01-01,44.8,78.7,39,40.6,18.7,5.4
2017-02-01,63.4,90.9,61,35.5,22.6,9.0
2017-03-01,45.0,118.7,42,30.6,24.9,11.1
2017-04-01,59.2,146.3,58,26.9,27.1,13.3
2017-05-01,128.7,161.6,132,24.0,28.9,16.6
2017-06-01,83.5,189.7,85,21.7,32.6,20.6
2017-07-01,39.4,210.9,39,19.8,35.1,22.1
2017-08-01,56.1,186.6,57,18.2,34.2,20.6
2017-09-01,87.2,148.4,90,16.9,31.5,18.0
2017-10-01,27.7,122.8,28,15.7,27.4,13.5
2017-11-01,15.4,81.1,15,14.7,23.8,10.4
2017-12-01,61.4,61.4,65,14.7,16.9,3.7
2018-01-01,8.2,61.7,7,19.7,15.6,0.2
2018-02-01,48.4,71.5,49,18.1,18.9,6.9
2018-03-01,87.7,123.8,91,16.8,24.9,10.8
2018-04-01,12.7,136.4,12,15.7,25.9,10.3
2018-05-01,31.2,179.1,32,14.7,32.3,18.6
2018-06-01,34.7,203.8,36,13.8,35.0,22.3
2018-07-01,92.8,207.4,97,13.0,35.7,21.6
2018-08-01,21.8,194.6,22,12.3,35.3,21.3
2018-09-01,115.8,115.8,269,151.6,29.9,19.5
2018-10-01,90.8,90.8,156,208.8,24.6,14.1
2018-11-01,51.1,65.3,33,188.8,19.2,5.9
2018-12-01,69.3,69.3,85,200.1,17.1,3.5
2019-01-01,48.7,61.7,33,183.0,16.6,3.3
2019-02-01,45.0,63.3,25,161.8,19.6,6.1
2019-03-01,63.7,105.5,24,121.1,21.8,7.9
2019-04-01,99.6,141.7,76,93.2,25.7,11.9
2019-05-01,119.5,139.8,116,83.5,29.6,17.4
2019-06-01,108.5,174.6,88,58.8,33.3,21.4
2019-07-01,33.4,204.3,22,46.0,35.1,22.1
2019-08-01,32.8,209.2,26,37.9,36.8,23.2
2019-09-01,34.8,185.2,31,32.3,35.2,21.7
2019-10-01,110.4,121.2,115,30.8,27.5,13.6
2019-11-01,31.0,74.6,29,27.0,19.5,6.1
2019-12-01,20.8,73.7,19,24.1,18.2,4.9
